{
  "WOR": {
    "zone": "WOR",
    "adpe": 7.37708e-8,
    "pe": 9.988,
    "gwp": 0.590478
  },
  "EEE": {
    "zone": "EEE",
    "adpe": 6.42317e-8,
    "pe": 12.873,
    "gwp": 0.509427
  },
  "ZWE": {
    "zone": "ZWE",
    "adpe": 1.09502e-7,
    "pe": 7.75488,
    "gwp": 0.823938
  },
  "ZMB": {
    "zone": "ZMB",
    "adpe": 1.62193e-7,
    "pe": 0.0899182,
    "gwp": 0.0140257
  },
  "ZAF": {
    "zone": "ZAF",
    "adpe": 8.62445e-8,
    "pe": 11.357,
    "gwp": 1.14915
  },
  "YEM": {
    "zone": "YEM",
    "adpe": 1.63908e-8,
    "pe": 14.4784,
    "gwp": 1.06699
  },
  "VNM": {
    "zone": "VNM",
    "adpe": 9.45573e-8,
    "pe": 6.90029,
    "gwp": 0.54962
  },
  "VEN": {
    "zone": "VEN",
    "adpe": 1.12811e-7,
    "pe": 4.91294,
    "gwp": 0.494177
  },
  "UZB": {
    "zone": "UZB",
    "adpe": 1.03681e-7,
    "pe": 12.9214,
    "gwp": 0.80197
  },
  "USA": {
    "zone": "USA",
    "adpe": 9.85548e-8,
    "pe": 9.68839,
    "gwp": 0.672606
  },
  "URY": {
    "zone": "URY",
    "adpe": 1.04586e-7,
    "pe": 3.76496,
    "gwp": 0.295406
  },
  "UKR": {
    "zone": "UKR",
    "adpe": 6.47907e-8,
    "pe": 12.2117,
    "gwp": 0.635059
  },
  "TZA": {
    "zone": "TZA",
    "adpe": 1.32261e-7,
    "pe": 5.85267,
    "gwp": 0.457731
  },
  "TWN": {
    "zone": "TWN",
    "adpe": 5.78088e-8,
    "pe": 10.9587,
    "gwp": 0.833107
  },
  "TUR": {
    "zone": "TUR",
    "adpe": 7.49765e-8,
    "pe": 8.78547,
    "gwp": 0.698449
  },
  "TUN": {
    "zone": "TUN",
    "adpe": 1.77021e-8,
    "pe": 12.5148,
    "gwp": 0.794454
  },
  "TTO": {
    "zone": "TTO",
    "adpe": 6.4552e-8,
    "pe": 14.289,
    "gwp": 0.909828
  },
  "TKM": {
    "zone": "TKM",
    "adpe": 1.31822e-7,
    "pe": 23.3003,
    "gwp": 1.36691
  },
  "TJK": {
    "zone": "TJK",
    "adpe": 1.52621e-7,
    "pe": 0.47913,
    "gwp": 0.0423304
  },
  "THA": {
    "zone": "THA",
    "adpe": 5.69593e-8,
    "pe": 9.04947,
    "gwp": 0.641195
  },
  "TGO": {
    "zone": "TGO",
    "adpe": 1.34255e-7,
    "pe": 5.91196,
    "gwp": 0.530241
  },
  "SYR": {
    "zone": "SYR",
    "adpe": 2.68396e-8,
    "pe": 16.0882,
    "gwp": 1.08645
  },
  "SWE": {
    "zone": "SWE",
    "adpe": 7.77062e-8,
    "pe": 4.73005,
    "gwp": 0.0460693
  },
  "SVN": {
    "zone": "SVN",
    "adpe": 9.92283e-8,
    "pe": 8.42927,
    "gwp": 0.489853
  },
  "SVK": {
    "zone": "SVK",
    "adpe": 6.06109e-8,
    "pe": 8.81838,
    "gwp": 0.302278
  },
  "SRB": {
    "zone": "SRB",
    "adpe": 1.32772e-7,
    "pe": 10.311,
    "gwp": 1.06982
  },
  "SLV": {
    "zone": "SLV",
    "adpe": 4.72135e-8,
    "pe": 5.11384,
    "gwp": 0.466744
  },
  "SGP": {
    "zone": "SGP",
    "adpe": 1.98459e-8,
    "pe": 10.3089,
    "gwp": 0.650369
  },
  "SEN": {
    "zone": "SEN",
    "adpe": 4.70662e-8,
    "pe": 13.0059,
    "gwp": 1.08583
  },
  "SDN": {
    "zone": "SDN",
    "adpe": 9.55701e-8,
    "pe": 12.8292,
    "gwp": 1.09165
  },
  "SAU": {
    "zone": "SAU",
    "adpe": 1.34206e-8,
    "pe": 14.0581,
    "gwp": 0.912363
  },
  "RUS": {
    "zone": "RUS",
    "adpe": 9.60312e-8,
    "pe": 10.9691,
    "gwp": 0.651906
  },
  "ROU": {
    "zone": "ROU",
    "adpe": 9.81761e-8,
    "pe": 9.13293,
    "gwp": 0.65913
  },
  "QAT": {
    "zone": "QAT",
    "adpe": 1.324e-8,
    "pe": 11.8805,
    "gwp": 0.712802
  },
  "PRY": {
    "zone": "PRY",
    "adpe": 1.49181e-7,
    "pe": 0.0195104,
    "gwp": 0.241576
  },
  "PRT": {
    "zone": "PRT",
    "adpe": 3.41863e-8,
    "pe": 6.58133,
    "gwp": 0.557252
  },
  "PRK": {
    "zone": "PRK",
    "adpe": 1.17457e-7,
    "pe": 7.96882,
    "gwp": 0.783661
  },
  "POL": {
    "zone": "POL",
    "adpe": 1.01946e-7,
    "pe": 11.1352,
    "gwp": 1.13922
  },
  "PHL": {
    "zone": "PHL",
    "adpe": 5.95304e-8,
    "pe": 8.41763,
    "gwp": 0.750161
  },
  "PER": {
    "zone": "PER",
    "adpe": 9.52688e-8,
    "pe": 4.09731,
    "gwp": 0.280265
  },
  "PAN": {
    "zone": "PAN",
    "adpe": 7.90553e-8,
    "pe": 5.46562,
    "gwp": 0.527224
  },
  "PAK": {
    "zone": "PAK",
    "adpe": 8.42952e-8,
    "pe": 10.886,
    "gwp": 0.740398
  },
  "OMN": {
    "zone": "OMN",
    "adpe": 3.74073e-8,
    "pe": 22.3058,
    "gwp": 1.39746
  },
  "NZL": {
    "zone": "NZL",
    "adpe": 7.20474e-8,
    "pe": 3.98174,
    "gwp": 0.290533
  },
  "NPL": {
    "zone": "NPL",
    "adpe": 2.38273e-7,
    "pe": 0.136678,
    "gwp": 0.0840183
  },
  "NOR": {
    "zone": "NOR",
    "adpe": 1.27486e-7,
    "pe": 0.138646,
    "gwp": 0.0236977
  },
  "NLD": {
    "zone": "NLD",
    "adpe": 3.29318e-8,
    "pe": 7.48147,
    "gwp": 0.539413
  },
  "NIC": {
    "zone": "NIC",
    "adpe": 4.14983e-8,
    "pe": 11.5328,
    "gwp": 0.927237
  },
  "NGA": {
    "zone": "NGA",
    "adpe": 6.21e-8,
    "pe": 9.18115,
    "gwp": 0.665151
  },
  "NAM": {
    "zone": "NAM",
    "adpe": 1.28285e-7,
    "pe": 3.27705,
    "gwp": 0.349386
  },
  "MYS": {
    "zone": "MYS",
    "adpe": 4.4938e-8,
    "pe": 10.5875,
    "gwp": 0.819432
  },
  "MOZ": {
    "zone": "MOZ",
    "adpe": 1.48382e-7,
    "pe": 0.0336206,
    "gwp": 0.00876726
  },
  "MNG": {
    "zone": "MNG",
    "adpe": 1.76361e-7,
    "pe": 14.5244,
    "gwp": 1.46387
  },
  "MMR": {
    "zone": "MMR",
    "adpe": 1.52699e-7,
    "pe": 6.67008,
    "gwp": 0.479663
  },
  "MLT": {
    "zone": "MLT",
    "adpe": 4.9475e-8,
    "pe": 16.3514,
    "gwp": 1.30274
  },
  "MKD": {
    "zone": "MKD",
    "adpe": 1.19873e-7,
    "pe": 12.1032,
    "gwp": 1.23158
  },
  "MEX": {
    "zone": "MEX",
    "adpe": 5.78358e-8,
    "pe": 9.97318,
    "gwp": 0.72463
  },
  "MDA": {
    "zone": "MDA",
    "adpe": 1.10674e-7,
    "pe": 17.4518,
    "gwp": 1.03023
  },
  "MAR": {
    "zone": "MAR",
    "adpe": 6.41089e-8,
    "pe": 9.96974,
    "gwp": 0.917369
  },
  "LVA": {
    "zone": "LVA",
    "adpe": 1.53757e-7,
    "pe": 3.7781,
    "gwp": 0.232701
  },
  "LUX": {
    "zone": "LUX",
    "adpe": 1.05692e-7,
    "pe": 8.0213,
    "gwp": 0.487433
  },
  "LTU": {
    "zone": "LTU",
    "adpe": 2.94596e-8,
    "pe": 10.6476,
    "gwp": 0.153384
  },
  "LKA": {
    "zone": "LKA",
    "adpe": 9.86932e-8,
    "pe": 8.75993,
    "gwp": 0.702977
  },
  "LBY": {
    "zone": "LBY",
    "adpe": 2.06592e-8,
    "pe": 19.116,
    "gwp": 1.34136
  },
  "LBN": {
    "zone": "LBN",
    "adpe": 1.82134e-8,
    "pe": 11.995,
    "gwp": 0.882968
  },
  "KWT": {
    "zone": "KWT",
    "adpe": 1.41168e-8,
    "pe": 12.7407,
    "gwp": 0.883012
  },
  "KOR": {
    "zone": "KOR",
    "adpe": 5.18017e-8,
    "pe": 9.91356,
    "gwp": 0.591345
  },
  "KHM": {
    "zone": "KHM",
    "adpe": 3.19202e-8,
    "pe": 18.2978,
    "gwp": 1.40563
  },
  "KGZ": {
    "zone": "KGZ",
    "adpe": 1.81827e-7,
    "pe": 2.04559,
    "gwp": 0.154063
  },
  "KEN": {
    "zone": "KEN",
    "adpe": 9.58533e-8,
    "pe": 6.41661,
    "gwp": 0.573074
  },
  "KAZ": {
    "zone": "KAZ",
    "adpe": 1.35386e-7,
    "pe": 11.7616,
    "gwp": 1.10834
  },
  "JPN": {
    "zone": "JPN",
    "adpe": 5.96578e-8,
    "pe": 9.11048,
    "gwp": 0.535015
  },
  "JOR": {
    "zone": "JOR",
    "adpe": 1.47031e-8,
    "pe": 13.0065,
    "gwp": 0.779847
  },
  "JAM": {
    "zone": "JAM",
    "adpe": 1.96047e-8,
    "pe": 13.5858,
    "gwp": 1.05653
  },
  "ITA": {
    "zone": "ITA",
    "adpe": 5.439e-8,
    "pe": 7.93507,
    "gwp": 0.609706
  },
  "ISR": {
    "zone": "ISR",
    "adpe": 6.10194e-8,
    "pe": 9.77261,
    "gwp": 0.887793
  },
  "ISL": {
    "zone": "ISL",
    "adpe": 7.81905e-8,
    "pe": 0.0127787,
    "gwp": 0.0194256
  },
  "IRQ": {
    "zone": "IRQ",
    "adpe": 4.04306e-8,
    "pe": 19.0682,
    "gwp": 1.46643
  },
  "IRN": {
    "zone": "IRN",
    "adpe": 2.20304e-8,
    "pe": 14.1505,
    "gwp": 0.922903
  },
  "IRL": {
    "zone": "IRL",
    "adpe": 2.19257e-8,
    "pe": 8.06139,
    "gwp": 0.642454
  },
  "IND": {
    "zone": "IND",
    "adpe": 1.00099e-7,
    "pe": 16.6775,
    "gwp": 1.56851
  },
  "IDN": {
    "zone": "IDN",
    "adpe": 6.10451e-8,
    "pe": 9.7582,